<?xml version="1.0" encoding="UTF-8"?>
<feature
      id="com.packtpub.e4.feature"
      label="Feature"
      version="1.2.3.RELEASE"
      provider-name="PACKTPUB"
      plugin="com.packtpub.e4.clock.ui">

   <description url="https://github.com/alblue/com.packtpub.e4/blob/master/README.md">
This feature contains source code for the Packt Publishing book "Eclipse Plugin Development by Example: Beginners Guide"</description>

   <copyright url="https://github.com/alblue/com.packtpub.e4/blob/master/COPYING.md">
Copyright (c) 2016, Alex Blewitt, Bandlem Ltd
Copyright (c) 2016, Packt Publishing Ltd

All rights reserved. This program and the accompanying materials
are made available under the terms of the Eclipse Public License v1.0
which accompanies this distribution, and is available at
http://www.eclipse.org/legal/epl-v10.html
   </copyright>

   <license url="http://www.eclipse.org/legal/epl-v10.html">
      Eclipse Public License - v 1.0
   </license>

   <requires>
      <import feature="org.eclipse.jgit" version="4.0.0" match="greaterOrEqual"/>
   </requires>

   <plugin
         id="com.packtpub.e4.clock.ui"
         download-size="0"
         install-size="0"
         version="0.0.0"
         unpack="false"/>

   <plugin
         id="com.packtpub.e4.application"
         download-size="0"
         install-size="0"
         version="0.0.0"
         unpack="false"/>
</feature>
